meta	meta	0	b8f2ca804f7b71295139d79173f9eb67
rows__2026_01	rows	1	69120c1e1cacd79b5b5765d7887b8827
rows__2026_02	rows	17	6bf07aaced36a99fa6f8e3d91d578a5c
rows__2026_03	rows	33	957b23cf56c213c2fd3e922df9293992
rows__2026_04	rows	49	083df33fca3fe2884b2e116fc81d6687
rows__2026_05	rows	65	f69c8fc9f41bdb3ed916c39625253f5e
rows__2026_06	rows	81	30cd500036ba86dfec29249c1a9c4e4a
rows__2026_07	rows	97	721c8225511fdb6b42d04127e3990b21
rows__2026_08	rows	113	1c8a6679d9aa492377930573ad69f777
rows__2026_09	rows	129	9bc982283a8d5665e56fd0c6c600c47f
rows__2026_10	rows	133	d76679f75b248f70b3d863d83b3819b3
rows__2026_11	rows	137	759124522b8ddc0ca21d291a41c66103
rows__2026_12	rows	141	f3723746b0240c2cb652370197603ef5
