meta	meta	0	9badc6b6894001909ec033cd40c186be
columns__00	columns	1	6a544107df0ec055e33543a4c2755bbc
constraints__00	constraints	1	42e23557971c718477d5f5d5e821e7b4
cron_jobs__00	cron_jobs	1	67898f0fd041d1d86e5fe2ea062891e1
enums__00	enums	1	cfc06a353174a9c0a4faa3a59ad587a8
extensions__00	extensions	1	c42a3005c82df13590b07d349842ff62
functions__00	functions	1	b0195ab41b055234d20e950561adceec
indexes__00	indexes	1	0eb74f5994bad6ebb8c5ed9873961aff
policies__00	policies	1	b89030006b4c0e57e995f13d3f86c6c4
rls__00	rls	1	8541a0752a0406c3667e132a005b0d26
table_grants__00	table_grants	1	15630139a5d561dddd5672f735ef5327
triggers__00	triggers	1	6ab9d23006166931cd0674e2df6986f2
views__00	views	1	7df187ab9d167149d4ed4dfafec3d731
functions__01	functions	4	f049aa7bbddb63e98c9b191f779bcb5b
functions__02	functions	7	f60bd3dc79454480c19e97bef04bc9b3
functions__03	functions	10	f8e6071733b12c79b5ce62845e99751a
functions__04	functions	13	2df0d957dc34de4034158791c81308b9
policies__01	policies	13	5de1ef695530470ea9dcf11e87846bfb
policies__02	policies	25	ac1ea6761aac666be519264c06e8cfe1
constraints__01	constraints	31	45d1d047b434fe543b7d94a3f4ad522a
columns__01	columns	41	cf6f33f3e69b0fb41e614972814403ac
columns__02	columns	81	9d000e5e6a37ed7eef303ff7e9e06d75
