attendance_records__00	
member_collections__00	
members__00	
meta	1|68aec92a03b25fdd3c7c25272192888d
pangasiwaan_submissions__00	
thanksgiving_offerings__00	
abuluyan_totals__00	1|50e42ec588c56da345a97dad46d1b1a2
locals__00	1|0ac3a41b8a0582e9f90558456a5542e3 2|fa7b71f9d2a72bb31263e65f2680a269 3|3c535929bb83a9181e2c88d92ecb94db 4|28de8a74a2aa22cc6de36868f4bd2565
ministries__00	1|200d805f2b41eaaf5e5ceb096dbbd5c9 2|e6f25a96993abe4c447934eca624b551 3|4c0d11fb4f650d580c075af1791efd4e 4|60c114a28b36dec4054d558e7baf2889
ministry_members__00	1|43601fd13433dbaa98ffb30d819900d1 2|d00c1e9035feca0f9fa8580f0f514d9b 3|3bb06ee5852d07a640be3d5d7210089d 4|33ed989ac4f1a7ef3b524c12b9a17fb3 5|3273ca9f83e9419b50af20b5d19315c1 6|1accc20d2663982a07a1a97ea8622d03
profiles__00	1|d06138040b91d1f7adffdbad95a46c02 2|f63314baba7ea881cd5dd85004ef40a7 3|042277e5ca5431fc11af0f0858e6e11f 4|3128cfc2eefc5f58a3b1b1f7be75d627
thanksgiving_types__00	1|b7090a47da2c6fdce06153da8ec5b4bb 2|32abb5f6a4acdf4626dd76c8b048ecdf 3|ecd5ada6301b9a945771d23fb9d26026 4|8073f7e9eb461cbac278a21cdf2dd297
ministries__01	1|c25fa0a8ffa29ddfa30ed365545a5ce1 2|e1b026527da5b937b947e98686f393f8 3|ea594e530d54478207cc4e6596b5c3cb
profiles__01	1|2187a10d579774b2faff3ee19bde4ff6 2|7f26efffcf465bf2cd201cf9d44642c8 3|69cef7900cb2466e65080d8f6db2ea3c 4|d986a32de07ddeb65d6f14d5f9d24f7e
ministry_members__01	1|090fca8dd5739f59b8abb677a33dd6cd 2|a7b05c047c2c6b802f39423aabd66644 3|890d0fb41128b1d13031968cedaabc8d 4|411efb2cfdf7e2a7624cc96b59434704 5|c5837bf338f7b4ee603103aea2aa2cb7 6|4cca33194d313f97c2e67be03e7088fb
profiles__02	1|5844f7c962c56143980440dd4dcad488 2|da6d6873b93c0ef9d4b840c97ce9a5bf 3|287c3380771afd3490ff539f6e605fba
ministry_members__02	1|c6d2d31c1117e222af86b0afb18c6e5c 2|6ca13d371cccb51f7ca498df86a2daad 3|028bf9522751802b8871924a42c1534f 4|9091a4ff2ebe4346de9646a93e7fc211 5|ceb47e983f18ccb85a7a99d2b72250a6 6|82d8345d56533c8302154aa6d8978242
ministry_members__03	1|389444b01215eef77dfe00f243c03284 2|9cfac9124156dc84978073357a86fb33 3|ee695414e6136551be5c3459fa291b37
