attendance_records__00	attendance_records	0	d751713988987e9331980363e24189ce
member_collections__00	member_collections	0	d751713988987e9331980363e24189ce
members__00	members	0	d751713988987e9331980363e24189ce
meta	meta	0	68aec92a03b25fdd3c7c25272192888d
pangasiwaan_submissions__00	pangasiwaan_submissions	0	d751713988987e9331980363e24189ce
thanksgiving_offerings__00	thanksgiving_offerings	0	d751713988987e9331980363e24189ce
abuluyan_totals__00	abuluyan_totals	1	11ef9dce74ad1ff0b483db103066b6c7
locals__00	locals	1	56f280767df10cd30a683c0afa5db0ac
ministries__00	ministries	1	fbf562c8d1cf1775db837bb39db9a0f2
ministry_members__00	ministry_members	1	d8345ae520c93097de31c0c671d40556
profiles__00	profiles	1	8221d49db2dc7b5db99129ca17ed0be1
thanksgiving_types__00	thanksgiving_types	1	51ca4c42176be24658409fafd93cab18
ministries__01	ministries	5	d41529a855697c9e4b97096fadc661c3
profiles__01	profiles	5	13620970c1a424eed715e8abc7eacc86
ministry_members__01	ministry_members	7	a8bef6ee0446721102c61923411a3449
profiles__02	profiles	9	8355a0c2f98af2509f3a91375b32f982
ministry_members__02	ministry_members	13	538f208ecb912191d8b3b583d0d26866
ministry_members__03	ministry_members	19	335d599e6f4dd2a07e75f6e5a9c44c78
