meta	1|3b20117dd4e15f57436e448a0993579d
columns__00	1|40f656fb6e4bc85812cc080015d02117 2|689114ac6282896183479a8857a9e49d 3|ac75b68b2feee96e463e9eebbb2f864c 4|64c2aeb23246b0d966fc89f9727c96fc 5|51a0815bde13448ce5f535a5e71bf410 6|ca5b456c88a0c5333898b7e8fd223244 7|63b80173531bb86bcb388e9de7b0eeb4 8|490f87cc2d24cdacafae3107439f687c 9|169b51617f0a271a0b98cccf3efc937c 10|1eed2abb2ad0e656c5706c600b06547c 11|822b3e75f47a7e07a2d8a2eeded63318 12|f677f8720461561607f161eaad2a9c2c 13|e9f3901200d3f017120780885b6c6c81 14|af292d4fca1f1abc2ca54be8aa8c24af 15|9753584211b3ad0dedcf17d1c6e7df2a 16|15f106fd37a7452256ac0e1af2327d0d 17|f9acfcad15af8b47ac924f86166ee6ac 18|042782a3f2bc62f3ffa82c45e499cca3 19|600a8c4620e1f6b698c53eeb8cc4b7cc 20|7f06886d91d06c89a0f0bb94e488fb0e 21|cb13d40164fc48e145e318793e265c8a 22|4b7e0417fb659eea0d99521ff972e0b6 23|c2c68dea9c9c83ad8250e8bceea604be 24|28e56219db542082800eb7853d72be6e 25|95eed2f46d0d01d550d5d4637cb06f49 26|38070eb86118904f6cd658eb951da4f7 27|c502afe4b6883f7179f63af148632028 28|ca0ca754cdffe8fe9129c785871871ff 29|83509073e7d984b17d816a204324645b 30|2d2fac2eceb18873826d480e39182999 31|367090e0d95aa88d31d10b6db7f1bde2 32|a5e40f75266ffdc01062bcad7ac5291b 33|2a91f7db41da1cc5bdedfd5eeaa2a52c 34|431a652e7a558be44baaf7c03eed4a0e 35|5fe0071e9fced7dbd060fb8914e65130 36|bc4ea2a3e84a242a7a17a06acb2b9565 37|40611f99caf76888f593cdc3c7a68a54 38|9876e699c79a3aaf858edc031cbb9808 39|cb1bfbcd1356319c092295a472db3e08 40|e6279d540ce11d57183ebe50b08db881
constraints__00	1|0db47f39843d725e26ca23c37bec0a65 2|8b7b729eb0af92084dc611a99ff70921 3|69db7e05807649b0dc99d5194cba13d5 4|87991b8f52f4075a4ad2d77768b4922f 5|94df64cab5f5e290e251ed4b3bdb4d5f 6|62d6563004fb87596bce17a70398f8f6 7|2a7c6065dd059a7b8848b7e716f20b65 8|d8f46faf62980d0597b5d5d833375683 9|52e5b0d5a71218df27b50d1789d6f077 10|bcfa8a063d5257ff4fed4796b0b93c2e 11|c0a8271dcf6ec86c1502466b6c703e38 12|c5de95cfff4cf5a71e45c257fd5b5471 13|77be9f0e7be8933e16ed1634dd005139 14|0ac6beaec42afe63206e28a8ef67c3ec 15|699fa2e87c862f2b2a2966d5b55069ad 16|30bacebfdd079231c30074f4a9529813 17|9707fa792e1caf3518d403a58b7e5750 18|83f53fb1e3369c207613a54fb5401906 19|ab6e3ec0f6e5317673035c50bc76b887 20|5751f13b5ad06ae2fcf2991fbaa6048c 21|2f71b48856736329346f4ed978f9bfe9 22|41801fbd2c9124b9eea22843355bc160 23|86df79a64d4674491ade476c7faf1407 24|399ddc41caeac5e584cee5c19bb7d640 25|fa742a50843fa153ff586b89c6df1023 26|0c7742e542566780f020c1647cdee1a3 27|a0d61da264b654031b637c987fa5e6fe 28|49c09a26f1c7d3c85b817f5f93ddd08e 29|5638d5848adf2b897ac486cb59092112 30|4d7e73857e409ddba75985636a1866c4
cron_jobs__00	1|687802199bf50e7d1d21c8434b694a89 2|da2d6c40e0519ac923f9c83afe55f11f
enums__00	1|4426ceb077fee31e329c26b1241a20ce 2|86e1e225f1df5cace90d865199cdd1ae 3|2aaa0953e8f17f636a5e9c5d0eaefce7 4|c17feae961576cd963927f51e7aaad08
extensions__00	1|ff4d95713c06d3d441474351de9df225 2|5df136de9e9fe299b03cc89fb70a4e63 3|b6dbdfb41ae9b4a25bbd8170e8b4e2b4 4|5241b7a221baa84dffb0e6c4915b84a5 5|a56d69658fdefde54dc5079623066799 6|e643f718b1fdb1b754b5be0a4711681b 7|75c2ba8f625e1a42a1d475f820e892e5
functions__00	1|83c95a17b08b0f99e246e6a7e6a65dea 2|7595f7b337ed961366441bbf5b9d868c 3|b0903e8334ad95d4afd705db43f66858
indexes__00	1|d4f8050bc938e869c3ea5b15ae0ab181 2|7d4adb0eb4fc35533e6f6da5771428a4 3|31e1af7a0979b5e6dd24e7f94502ced0 4|ebf70669f5b864e8ac595a14c8b9155e 5|21c59017cb7ceec6a24d533170b6311a 6|6d3d766a12fb4088ba6b82be89696d00 7|2e2189f447ef9463ef5ae501475af6bd 8|f8e5b79f588688f8f3463b430f0d1e10 9|d09de157e97914da03a3f5d3f6a3acbb 10|d51a5477695bfc0812f4c40c33023a68 11|543f127e68763e52dbf4aa90a3f0d6ad 12|32cb5724e7365b090b7fcc6cf4680a4a 13|019e9376a60d025419e55f67539173f9 14|0051bd1fce69e724d0fe1e165f269624 15|fa67f1925d77d55d243c7525347c0752 16|f9dc228793ce9db96f04a094de798283 17|86b65001d20da5e8377aa9ad2ff4d0ea 18|423faa478ca6ec95b5db37652fd97d30
policies__00	1|f7496f9b79d142e5c226580b292b5f50 2|14e25c4070f80da87f49131b556d86bf 3|f8704cd8da0415cb33be0000016d38bb 4|6cdf84ed7f21fcb54f46db696c9825f1 5|c2e644aaae953983d3ab858039e8c1d1 6|ea946ecc7344a1e4fa6cd40f76f9582e 7|e2ee53634476cf6c3be0d113918bd3ec 8|0f52881e6897b4cb3ac97b2c1cf95a08 9|8160c67a1fa4262bd604e39fd5717793 10|7fa0bec093192fe6dbaf632b3e7c390c 11|3e9d817321b4b46b2d8bf203da488e41 12|d235dcac311fb2cec707324c869c030a
rls__00	1|5931ce9cc0abdc0cd0fbf4a8c6abd73f 2|50fe92fc50db085a0cb97a89a8b0b71c 3|bfba32338d1e0b4bb4d23c2875f48b81 4|05103bed8909b9955c2deadadbea5ecb 5|5320096447a69868bb587b147cb2e893 6|ad0a33d2c4b9fdb71d4a7acdb87d3dc5 7|5d118a1aa6cbc0ab74bf286a516f1dd5 8|ec6487624cdc83bbfbd8c3210d09e67d 9|1a42f093561dbd5b8944945bad196a4d 10|17e3f16fdff0de2fe18202845c8bb1bc 11|7bca5dc76a10076602fac789d7dbcd64 12|88f1c18234bfb0b50c275ef90f76d531 13|88de252de69b78b245fdc7f4376a452d 14|e972a096ee43527ba631632bdcc4cb68 15|9ea02da6bb296b09325855474af96ef2 16|929328271b5f51411e462f4932b44eca 17|d0389b4e2119624efb3227c0a1ea1ef9 18|d419d9ef5b919b3756864c91b0b49988 19|578bcdf313109b6c2372df340ddfc120 20|787304e16e2bffe0d88e4c715a6336f7 21|1d89a78de95ddbda6acde1eb820e8455 22|32b66ba15018fd584494e545cc578051 23|39332d9f33fd9d94a8a3c891a54b2df8 24|53261c926d34d8ea0c50b2203ee962f5 25|6196447ca048958107a65ca19b249a31 26|583e9887809021d8dc5d0522e6b5ef9f 27|a26f548816f97a2d85a744937b598286 28|e1d84f0c9bcf429ec013c6559c0e24b1 29|707af304d3179dccd4eaeb83bae21013
table_grants__00	1|fbb821d1c07d58b6af95ffeb1e2d6c34 2|f5af1145cf1339ae4b4cb8b2817501cb 3|0b385210f47155343217ff3a8d6b1049 4|a4ce93586579e9989220f425980e28e2 5|e700f3d4feacdb312d1839ac5eb2b99f 6|e68ba5a5a9e90acdac1b045b8705dbef 7|5efb0d69ec9ca197555b29f0c3951784 8|79d667c91f339d02cbbac3572220e0d2 9|e521494ca25c431964549734935674b7 10|2a34b63f06a940de35b3c52bf183425a 11|034fbbc667b409c354541703b28765ec 12|963171d72a26e287f36fa7161cee0aff 13|ebc140a59dded239863bab840c3b179c 14|284ce6a5c9b70416700f1992d678b06f 15|4d6a614419bb1143506344506dcf376e 16|d4d518d36bfd78e9710d2f329a9c76ec
triggers__00	1|dc16a9991f3fcb5ff0a72370753c299c 2|d41e2d8ea6df6e5bc81c19eae9b48e55 3|95312f94f1b0cef0bc659392b2232d8f 4|271c4c979369ad1f8f451e95eaf815ac 5|ab9e8283baf7c571ab7bbde735efe8c4
views__00	1|bb6a736397f2fae37e0a6d0422906565 2|0d560afa701d462bcb22eab30b2c4b2e
functions__01	1|881ca6faa590a1a9d765c879d2914687 2|69d256a60da7900900afce8579902391 3|a08bf9349b6279a4c18889a928d598e0
functions__02	1|558d2c940ab95a745ef5f134f2705c50 2|b0e0b7cf56b9013b030683a6943b58eb 3|228d67b74437cbfdfda53ba9e19d2c6e
functions__03	1|23948c924ecae79b63b7c56bd8b4d0a6 2|e5ba289a805397c895afb0414e45f293 3|915a15898068cca568ed9cc79ba6baab
policies__01	1|c870730425fc777f0bf2c00833b9753f 2|6e91a2df8c3fa6e95b40ffc93b918c39 3|b3d216d362635622c2c9f35e23919e8a 4|458ec1572c099191b28e837a9178ca92 5|b0c1fdf7c8df2f4cb93149a8485867bb 6|ff5ba0046ab619b347495092c7240b8f 7|e65d533df80a3878bbf522fdebac8960 8|f82d00a785e54f3e34e182b11f34cbbb 9|b2823d892c71985c458e1dddb33477af 10|0a4b37a8df6711b7c54722ab4e563e74 11|16059f70edf180d847e2bdca6973013a 12|79c47978d63e1524d220766ffbd48a16
policies__02	1|13eedf0ee28f26298679506252c06546 2|d7ecf929425a00089b05414047bf0250 3|b69e7966648e426971a085edeac56877
constraints__01	1|37902399d326d7ab56df1a0a359c9465 2|b05de022e1353188f20d5a27e0e1648d 3|c83784e0906360bb2a73576396abdcda
columns__01	1|85c59a92251c0c5a131e72aaa5c01ed3 2|ee70598bd47f2c6ba01f63ecf508cbd2 3|1c53362ef50d7f488c9288ecbd5bcfb8 4|07b88385b8777747c85ab27fa832b5ae 5|1761ff2252cbc62fd7a541418d32210b 6|812355352e7cbac8630528184caa6fa3 7|256caa15efe22830de793fb14b84d480 8|be0eac0af403f92d49350cd661c6adfc 9|45b7d547e9ad6f9dc09fdb4faa7daff3 10|e52a9e4a7e098db39a456c7fcbca8492 11|6c8226688dd679b2bce6db5e8054cae0 12|492dc326c2926ff959d02cb20748c172 13|d8e4f720c490a2f22b54d359d461540f 14|bc2d32dbfd65d06dda00f4987715757b 15|eed5a059170aab082c2c06139e1d0170 16|43af634744ad4b1846ec9cd4f7941c1d 17|54c61c94a7c80431d86cc1fd026399f5 18|cbee6d422c32d66a403e6b9bf1da17e6 19|88ecb40f6d1984d70dbcd6cb1b7f9561 20|a2a053ada886a369c155d763a354a10c 21|0b53e0fa7230d3dc1437c310f52aef6f 22|3010293fc6d3ec15b6a096b4e6b4bc1a 23|6c76ef60d70752585c126ed01cad4149
