meta	meta	0	3b20117dd4e15f57436e448a0993579d
columns__00	columns	1	6a544107df0ec055e33543a4c2755bbc
constraints__00	constraints	1	866a1d642fbd56b366902212c3828f61
cron_jobs__00	cron_jobs	1	67898f0fd041d1d86e5fe2ea062891e1
enums__00	enums	1	cfc06a353174a9c0a4faa3a59ad587a8
extensions__00	extensions	1	c42a3005c82df13590b07d349842ff62
functions__00	functions	1	b0195ab41b055234d20e950561adceec
indexes__00	indexes	1	883901fb308f88bc17d7f723ec695ea9
policies__00	policies	1	b89030006b4c0e57e995f13d3f86c6c4
rls__00	rls	1	8541a0752a0406c3667e132a005b0d26
table_grants__00	table_grants	1	be016fa84cceb085b8a3ddb9939dd102
triggers__00	triggers	1	6ab9d23006166931cd0674e2df6986f2
views__00	views	1	7df187ab9d167149d4ed4dfafec3d731
functions__01	functions	4	b31f665dc0e051509b89786b2d80eeda
functions__02	functions	7	72a49828603146eb9cef68b6f0268937
functions__03	functions	10	67956e7fd74121a5e119d8e9afa02697
policies__01	policies	13	3c728df739a55b0b5136963d1c8e84bc
policies__02	policies	25	e102c08c3b5d011a958ad0b4ecf70877
constraints__01	constraints	31	6a466051f53632b9652584e255be5048
columns__01	columns	41	18d34b577c5cf7e1119d46dc5c1bd045
