meta	1|b9178d8021548b3f5370b875c4fa1992
columns__00	1|40f656fb6e4bc85812cc080015d02117 2|689114ac6282896183479a8857a9e49d 3|ac75b68b2feee96e463e9eebbb2f864c 4|64c2aeb23246b0d966fc89f9727c96fc 5|51a0815bde13448ce5f535a5e71bf410 6|913644df110cd14e5c3f7539a3fd7d96 7|63b80173531bb86bcb388e9de7b0eeb4 8|490f87cc2d24cdacafae3107439f687c 9|169b51617f0a271a0b98cccf3efc937c 10|1eed2abb2ad0e656c5706c600b06547c 11|822b3e75f47a7e07a2d8a2eeded63318 12|f677f8720461561607f161eaad2a9c2c 13|e9f3901200d3f017120780885b6c6c81 14|af292d4fca1f1abc2ca54be8aa8c24af 15|9753584211b3ad0dedcf17d1c6e7df2a 16|15f106fd37a7452256ac0e1af2327d0d 17|f9acfcad15af8b47ac924f86166ee6ac 18|d75a5b46fe38662a58d87960383ed067 19|600a8c4620e1f6b698c53eeb8cc4b7cc 20|7f06886d91d06c89a0f0bb94e488fb0e 21|cb13d40164fc48e145e318793e265c8a 22|5fe0071e9fced7dbd060fb8914e65130 23|bc4ea2a3e84a242a7a17a06acb2b9565 24|40611f99caf76888f593cdc3c7a68a54 25|9876e699c79a3aaf858edc031cbb9808 26|cb1bfbcd1356319c092295a472db3e08 27|e6279d540ce11d57183ebe50b08db881 28|85c59a92251c0c5a131e72aaa5c01ed3 29|ee70598bd47f2c6ba01f63ecf508cbd2 30|1c53362ef50d7f488c9288ecbd5bcfb8 31|a370b08de9a0ad721aab0ecc36565f0f 32|402adae45e5bc04ecc6e38697f9de329 33|9b999ac68932f4284fc9734f76359fac 34|52f65cd2c16790cc2260ce021306b21f 35|ca8faa4acd1049183681992ad67b55e6 36|2cd6d0a2e1251c235d6a985c5b6de166 37|105d20bb9013b33fcea45856538cc6e5 38|07b88385b8777747c85ab27fa832b5ae 39|1761ff2252cbc62fd7a541418d32210b 40|812355352e7cbac8630528184caa6fa3
constraints__00	1|0db47f39843d725e26ca23c37bec0a65 2|8b7b729eb0af92084dc611a99ff70921 3|69db7e05807649b0dc99d5194cba13d5 4|87991b8f52f4075a4ad2d77768b4922f 5|94df64cab5f5e290e251ed4b3bdb4d5f 6|62d6563004fb87596bce17a70398f8f6 7|2a7c6065dd059a7b8848b7e716f20b65 8|d8f46faf62980d0597b5d5d833375683 9|52e5b0d5a71218df27b50d1789d6f077 10|45a7e716ab8234a0744df21e7f7ddd75 11|30bacebfdd079231c30074f4a9529813 12|9707fa792e1caf3518d403a58b7e5750 13|83f53fb1e3369c207613a54fb5401906 14|ab6e3ec0f6e5317673035c50bc76b887 15|5751f13b5ad06ae2fcf2991fbaa6048c 16|c9cfed6c16c08099a9aec850f85fe7cd 17|73dfeeb7d638ef306cbf7a1f2a23d439 18|3e9b6c59b200a2f8b4c3f829b2ea50a9 19|2f71b48856736329346f4ed978f9bfe9 20|41801fbd2c9124b9eea22843355bc160 21|86df79a64d4674491ade476c7faf1407 22|399ddc41caeac5e584cee5c19bb7d640 23|64fb3bc5d90385db8c11f0ef8cad2048 24|ef19005cdacee844380ce7e419a3b6d6 25|e943eeb0c2b317bd970111dd18964209 26|ece7f5ceab19ef048a1b7c0e12a952f6 27|5b0cb28b58c98f15cf3cd5fe749478a8 28|6cc9fe02ba5c5d118f2aa5c79197d2c0 29|11bf5e3880307a0efb11bb823360dd21 30|b5f3ef8a7424dcf4f22216e533ee11cd
cron_jobs__00	1|687802199bf50e7d1d21c8434b694a89 2|da2d6c40e0519ac923f9c83afe55f11f
enums__00	1|6d692b003b42ec06dcb4b44ca67032ac 2|4426ceb077fee31e329c26b1241a20ce 3|2aaa0953e8f17f636a5e9c5d0eaefce7 4|8fd544b5c63196e1c230fb4837834a48
extensions__00	1|ff4d95713c06d3d441474351de9df225 2|5df136de9e9fe299b03cc89fb70a4e63 3|b6dbdfb41ae9b4a25bbd8170e8b4e2b4 4|5241b7a221baa84dffb0e6c4915b84a5 5|a56d69658fdefde54dc5079623066799 6|e643f718b1fdb1b754b5be0a4711681b 7|75c2ba8f625e1a42a1d475f820e892e5
functions__00	1|83c95a17b08b0f99e246e6a7e6a65dea 2|7595f7b337ed961366441bbf5b9d868c 3|b0903e8334ad95d4afd705db43f66858
indexes__00	1|d4f8050bc938e869c3ea5b15ae0ab181 2|7d4adb0eb4fc35533e6f6da5771428a4 3|31e1af7a0979b5e6dd24e7f94502ced0 4|ebf70669f5b864e8ac595a14c8b9155e 5|21c59017cb7ceec6a24d533170b6311a 6|d09de157e97914da03a3f5d3f6a3acbb 7|d51a5477695bfc0812f4c40c33023a68 8|543f127e68763e52dbf4aa90a3f0d6ad 9|18cde848ef895830943ce05e80597903 10|3cc9d1a636db91f1edcef42174aad4ad 11|32cb5724e7365b090b7fcc6cf4680a4a 12|019e9376a60d025419e55f67539173f9 13|03309ff405d5e4ebbf235767f67bed1c 14|64a54044b4e4e1a5096b0360621672b5 15|86b65001d20da5e8377aa9ad2ff4d0ea 16|423faa478ca6ec95b5db37652fd97d30
policies__00	1|410a81f815b319fc5b42337c0923d011 2|588860f08c810636ed4a051c6be4564b 3|658002587346e0eb7d2d2ad026525733 4|518b41a86a3fd61216263f0795c552a2 5|b18cba50365251ac5229a68391242c5d 6|14d0e9f1e983bd15298be83e4735ac3b 7|563e9a360a4491883f3924e09103372d 8|135a3545555baa90db65f72910c59d21 9|4c13163f65d1eeffdc06a5983c4fdd1e 10|f270d7abd9e86a6bb22f129355043d84 11|cfca9fd732fe8e509258d51219f5eeb6 12|458ec1572c099191b28e837a9178ca92
rls__00	1|5931ce9cc0abdc0cd0fbf4a8c6abd73f 2|406fcf99df7c6ec67e4ea0f65326f678 3|50fe92fc50db085a0cb97a89a8b0b71c 4|664ec5610dfa3303614ccf8bf634e157 5|bfba32338d1e0b4bb4d23c2875f48b81 6|05103bed8909b9955c2deadadbea5ecb 7|5320096447a69868bb587b147cb2e893 8|ad0a33d2c4b9fdb71d4a7acdb87d3dc5 9|5d118a1aa6cbc0ab74bf286a516f1dd5 10|ec6487624cdc83bbfbd8c3210d09e67d 11|56fb4231bfccaf2a3b8df8195fdec662 12|1a42f093561dbd5b8944945bad196a4d 13|a2debc5aa8c3957975fe25d7ad8310c5 14|17e3f16fdff0de2fe18202845c8bb1bc 15|7bca5dc76a10076602fac789d7dbcd64 16|88f1c18234bfb0b50c275ef90f76d531 17|88de252de69b78b245fdc7f4376a452d 18|e972a096ee43527ba631632bdcc4cb68 19|9ea02da6bb296b09325855474af96ef2 20|929328271b5f51411e462f4932b44eca 21|d0389b4e2119624efb3227c0a1ea1ef9 22|578bcdf313109b6c2372df340ddfc120 23|787304e16e2bffe0d88e4c715a6336f7 24|1d89a78de95ddbda6acde1eb820e8455 25|32b66ba15018fd584494e545cc578051 26|39332d9f33fd9d94a8a3c891a54b2df8 27|2c470ddba2dcf238708aa41a1db77058 28|53261c926d34d8ea0c50b2203ee962f5 29|6196447ca048958107a65ca19b249a31 30|583e9887809021d8dc5d0522e6b5ef9f 31|a26f548816f97a2d85a744937b598286 32|707af304d3179dccd4eaeb83bae21013 33|9353409f553390f6d6f3cc5b8644df60
table_grants__00	1|18bb17dd26b7142abf9ad160505ecebe 2|f5af1145cf1339ae4b4cb8b2817501cb 3|882d8f372f74f88033e755bba42f8355 4|a4ce93586579e9989220f425980e28e2 5|ee336bde63d07a6a3b94e517dc573afb 6|79d667c91f339d02cbbac3572220e0d2 7|b55ee9360f09912d15aea35d23aeab9a 8|dd2cd4c34f25dad87284c5d4c2562cc1 9|e521494ca25c431964549734935674b7 10|2a34b63f06a940de35b3c52bf183425a 11|034fbbc667b409c354541703b28765ec 12|963171d72a26e287f36fa7161cee0aff 13|4d6a614419bb1143506344506dcf376e 14|d4d518d36bfd78e9710d2f329a9c76ec
triggers__00	1|dc16a9991f3fcb5ff0a72370753c299c 2|596df7cfb55fd2baaead8b4daa7b00a2 3|c148fe6a2a686582edea6f4b1aca8aa8 4|ec225f71946fa94f0f4eabb0cbb1c723 5|81a4e0274a9eafa59272778ea0aa863e 6|0108352b47eb66745019d84aac28aebc 7|e5268ec6d77c9406bac11a85615eb2cc 8|5bbb685275c8e2a8bc7ef60702da45ac 9|18ebe4b89bf7148245950d0f31906151 10|dc772d1a906c7b5843ea817b81b8cdc8
views__00	1|bb6a736397f2fae37e0a6d0422906565 2|0d560afa701d462bcb22eab30b2c4b2e
functions__01	1|87ce5105bfd00c954020077b5cf0d2e8 2|881ca6faa590a1a9d765c879d2914687 3|69d256a60da7900900afce8579902391
functions__02	1|a08bf9349b6279a4c18889a928d598e0 2|558d2c940ab95a745ef5f134f2705c50 3|b0e0b7cf56b9013b030683a6943b58eb
functions__03	1|f09dade6fa995eeb1c97d21aa81d27b0 2|228d67b74437cbfdfda53ba9e19d2c6e 3|23948c924ecae79b63b7c56bd8b4d0a6
triggers__01	1|aae9ed7db9270bd9bbbe61b41d7da3aa 2|d41e2d8ea6df6e5bc81c19eae9b48e55 3|95312f94f1b0cef0bc659392b2232d8f 4|271c4c979369ad1f8f451e95eaf815ac 5|efd8c04a9c38cd0c9fdc313def8fcdcc 6|ab9e8283baf7c571ab7bbde735efe8c4
functions__04	1|e5ba289a805397c895afb0414e45f293 2|915a15898068cca568ed9cc79ba6baab
policies__01	1|c0b641aaa181340ad34286bae662dc89 2|ff5ba0046ab619b347495092c7240b8f 3|e65d533df80a3878bbf522fdebac8960 4|f82d00a785e54f3e34e182b11f34cbbb 5|b2823d892c71985c458e1dddb33477af 6|d7ecf929425a00089b05414047bf0250 7|b69e7966648e426971a085edeac56877
constraints__01	1|b05de022e1353188f20d5a27e0e1648d 2|c83784e0906360bb2a73576396abdcda
columns__01	1|256caa15efe22830de793fb14b84d480 2|17156964d54b152eed03f4aa9ff625f7 3|318f45cffe7f8fe1416983d3b9951ed6 4|b0e4ff08a2e3959f2f8d90df6706374b 5|429d3a0be71175a2537817fc44bf0379 6|9c614133b0a26cd5f5b01c04c848a76f 7|20fd6130e041cf69e33fe9ff3580aa97 8|5b167b4752ee3ce9cb095e9a21d45233 9|ffc218d20c60b6734c06a542c2eba445 10|a89361e0cb82941283c8894d6abce16d 11|fb7174956559c13ebb5ee0b0b2519629 12|6f42f26bcedb6a449d8c916ce931bdbd 13|a89ef1f9b0e269d412cb4871e75c2a75 14|77dfe9229f84fb67b951d61e2031fb13 15|f8cb78e72a2acc6281055758f92ff0ed 16|992efe69a7ed3557f856110677c37b05 17|f195acd8fde713c761fa9a93d19b6cee 18|512f24ae64c3d4126f03665024a00ebf 19|8ec7d8ba3f70a88beac3ae4bc0b5d6c2 20|2aad83526ed4a164cbde02021194135f 21|1275572e732815464df1f46a48ed8a4c 22|9edd399da635f6a91e2df793e6bc14dd 23|c1046d6ab6dd7ae42e2f0af14cc309c2 24|397ee7cba55c7dd4b2776d91f022dfdb 25|8168457c699073d8b1c0cf0a30151bdd 26|f7b50b68a942c67882860d23c5db5edd 27|3010293fc6d3ec15b6a096b4e6b4bc1a 28|6c76ef60d70752585c126ed01cad4149
