meta	meta	0	b9178d8021548b3f5370b875c4fa1992
columns__00	columns	1	b67c6f58323b030772c93efc1ee3a4f8
constraints__00	constraints	1	44b28f8448d65c5916ba6dfe9330d386
cron_jobs__00	cron_jobs	1	67898f0fd041d1d86e5fe2ea062891e1
enums__00	enums	1	c9c731a9c341164f79f2a6f7ec3b6419
extensions__00	extensions	1	c42a3005c82df13590b07d349842ff62
functions__00	functions	1	b0195ab41b055234d20e950561adceec
indexes__00	indexes	1	16b2559bf39e9d0882223135ce1e1b35
policies__00	policies	1	ec0e37a0ded5a5d13d091445aa2746d3
rls__00	rls	1	ec274cb4fa7c86c2fc293bef0febb15e
table_grants__00	table_grants	1	ee5fc6fe7116e4c8759e03027d9a509e
triggers__00	triggers	1	1f63fe77f4e2f0fc73802c4a600b53c3
views__00	views	1	7df187ab9d167149d4ed4dfafec3d731
functions__01	functions	4	f049aa7bbddb63e98c9b191f779bcb5b
functions__02	functions	7	f60bd3dc79454480c19e97bef04bc9b3
functions__03	functions	10	f8e6071733b12c79b5ce62845e99751a
triggers__01	triggers	11	f2e90875b08d0a125b9dd0c785ce719a
functions__04	functions	13	2df0d957dc34de4034158791c81308b9
policies__01	policies	13	c82683b228af9d62a9ba9ab1962654f0
constraints__01	constraints	31	5629076f84f597bbd6593556978ca866
columns__01	columns	41	93b95fb17014c8fd3026a89f5055842c
