meta	1|95f3984b38aa1c812457c74ac775f4c1
rows__2026_01	1|9f31c7daad86acceac0e80335c082c45 2|3b03fb6fca0f7b5db7ca62f0f30d024a 3|060e6b32de6db82e12b2a8d0e67a74f2 4|9036b1ce7cb3f7177ca95929dfc47b0f 5|ebb5e00467a7b44e33eff198a8223c5f 6|264a8a5b5c7b348d8271fe92011e5079 7|1b46d846b74060c9854444aa1301c58c 8|cf55aadd6200ca26862d684ed433cdb6 9|d25ceef785baa5d6eeb7064c725f8b52 10|684ab62c7d25ee26731050955c480314 11|9a8b8225f5087bdc28cd231e0c7f8a0d 12|055a4d8896dfe4aabb5123c03b660c1f 13|0e282dffd2e051c178a5f1c535a30773 14|a1300a7866a720239a687fda1519a3f1 15|63e011555b18056076b2019f963bb87b 16|53a71ab0c607f971cfc4e78bd7a660d3
rows__2026_02	1|2fc30c6ada54889770ea48c9e65de278 2|35993ce951696670d33e9ee302011af0 3|4d55a2e1b27c31b42bbad1b7bedd7b9d 4|6088c0f4db9a9eadde92ebf7c199f976 5|6bb8c69b1b20a74df88fc32e2b294a16 6|5ce5249785b8496cbbbca928d995dcdb 7|3503acdc4a6c97ba62a2b45974528513 8|857f3ec1f09188ee45aadb16d5cf23e4 9|03c75e1b913d216497428a4857e431e7 10|cea9cd71f0f2c000406619b8fb0ce413 11|ed655d940cc7b4943c520ab5e0f0a037 12|1a9ab7f187517d0b86317c81dcd50a15 13|2d7dddf8f1f8e5cc755d807515e94788 14|f99c95b531b5ec40c87746fc43e72107 15|aa5874fdcb40bb7eec86e1d7c6c5dccf 16|1bd53cf8018b1cc623f68a23cadacd54
rows__2026_03	1|0c635fc8865f8f7918f0347d59866486 2|f5d81de8a2fbb4eed9163911a49ddc1e 3|89588b84c1f9badeaedaff216585e091 4|5d910ca0c28a6c43610af959a7348bbc 5|8e62c4a81c5805c76f338db245969e63 6|f3caff75dc1618ffdcdd79aeea118968 7|71d1cf05ed3d6bf65e0c69d352ecad01 8|99b6399a7e0401a95735914d85d671b1 9|4be22a416120d2f45cce0fe4b354e737 10|7fd2d4ebff437e4435bf755057ed8ec2 11|fde62529a91cd8d1627fdaf77804e598 12|f600a3a948edd61f2bde88a29dadc279 13|26b7805eba2f50043e0d8692a87c96cc 14|c66176d938d9c67830b5687e1b43436a 15|aed0e8bcce32ee374484704d759230ab 16|28071f3788e4f0aa6b835cec9187c7cf
rows__2026_04	1|192abbc68e532878947667dd841ed4a4 2|f45a47a74e2ccae372ab39b6c565746c 3|ec3f21fd9490c096b28653d9f9ff8a44 4|e81b24d3f3dee474033ef55c6904618c 5|1467d4afc0b0802a45ae19922e1a45fd 6|77120cd8d223d018bc6bf87cfd685a0e 7|e00d47c23162029772ede9490ffe208b 8|1b17af4c6c006a7d6c24b3238ee1eb3b 9|9230940463f625b23d64c2b21493ccd4 10|d15e8e1afad22efe6e349845c330dea8 11|968394db12b9c4328e0df290ed2108c8 12|95eae40b656ac1b850df9d6cd5610db5 13|5e11b1a8c54bb3a797c3df0f9f09e855 14|6deb3ef3c53354ae76061201c2722633 15|8998a67a02f8b8ad696cfb9adf1d6b72 16|79840f8f0ce64b93c06ba0c94ad1e75b
rows__2026_05	1|cab708db79e7afa0e35d19829d64a16f 2|11cf1205ef7279bbacf2891b03cda60c 3|c8005ac01fedd134158b9a0a119ac8be 4|72eab5644e84798f63309080d64d3c01 5|9524c0de964d88f9cc55acdb089153e0 6|ae02b8be704a7617355a8e305049ce4f 7|c0722d3f07f97d240d4fe7d477aef76e 8|4dd90f87bbc374259d264635891858d5 9|3ed638835a737703cb00f70532f413c4 10|6be8c464b84d773ee6e21486d083b4ba 11|7fee195e3b07432da70e7000e5f47909 12|b4bfdb72839719eb1d6b3d369f5ab3c1 13|c1095ee2269132804c4b1240a2934e09 14|53969a2d659c55c6ea0d62eeac3ff6d4 15|f6e77bd0c3662983c688e2534dbb2550 16|fedeb7d8b34b4a701055647bc6c22040
rows__2026_06	1|4740a68a5f7e12cac2ff699b340020e5 2|7d0f1378c89e61c336f67a6165536f49 3|dca8b9495921f304a042a20112332d7e 4|9e4e7b9f65c300e831c530024f0547a2 5|945f23567d4ea01800b5372e7873dfc8 6|ca3e1b6e79abe0362eb676b314888d99 7|b35835a4c32a58ddf71cb000838da6b6 8|c6d7796fa58695976ac2d184cb6556a9 9|87e8574f20636c5972dc70493d5b1830 10|5d2acc460f34ce7e7164bcb4b94a63ea 11|f6c1b36a9fbcc887e24fc2434d5249b7 12|30ddfdf2242135c3828bc01e2921ace1 13|9e7ca7f1134d0e332a0f62c55c05382d 14|2c5c649948bd209d9e290ea822efea88 15|d049c7c03591f773fdf48c0c2833dca5 16|a2787a94e4bf19c3ee285bf4ecf7bbaa
rows__2026_07	1|a6cd7f87d72afc6b7b1f7e84c59e9d27 2|45615d68164816aae138ad6237f6da3f 3|154a109c079e8f1c3eed42a3b354c84e 4|299018fcd74a63b087467f3bfe239e8a 5|70074290a3d8fc08e24e47d6843456d6 6|1fd3356ac7ee554fd4c8be68e02eac8b 7|2dc18c70ce5ef7b0bfdfac0feafad3bf 8|e0a11107d790d78e26846ab6949cc5c5 9|4f99310446bf9082639f85615f14461a 10|65a0e0f48040f1805d165b6e1ce0d85f 11|9ef7734ae1aa9da0a5e99653a65ccc8e 12|14ad6c94abb470259e183e601c83d087 13|84be4188ec93ff7ae74df992bba4e604 14|db06ede0b65e8f91b40399b48edd2dd8 15|e07a7ac6db0765cd0820905227c5964c 16|0a49fd792d5ae9e1cbe1e329a8a7b548
rows__2026_08	1|c27b50525adf8456b75cb5a606280b10 2|41c2f7664091ef6cba45ac6910ecd08b 3|ae5d70268e57c385a82ee8c6532125f8 4|fb8454dc021782b17b5c06c6026b0e68 5|326223582eb71fee5aa76e9865162ab2 6|623caf49d778442f4a041361eb01de5e 7|86a1a9519219407dd7e2c6bb1e24579f 8|09e6390681486faa4405eab7268e18e9 9|7df357331116358335180c0b43f81b5c 10|e4507414d0f643d26e8b84c0eb0c77ab 11|dd5605920fcd2bbbf3273bdbe148943d 12|638d69ab4f2afc88cca3b572bf1f98d6 13|02ceb39f19e423a07577b6d299a7b781 14|15afec28a1732c3ffa865ab904eed14e 15|f90224212c058672c131b1dc99c1916d 16|0ad78c2610104a73cdb56ba5f9f529fe
rows__2026_09	1|964765b65076ab40f05219c8e653783b 2|242d9c27849d4424ad3036852b50225c 3|e843ec6c848a1d397e7aa07ada7ae2fe 4|4a42af1ada277ab1397be4eb0a1bcf7e
rows__2026_10	1|265cd4c4ba0d1465332eaba25c7d42f9 2|1cf1a11ec3afd4f7affd5f47c0037fde 3|6f8c8f715321dfae868f628d5855df92 4|6d8e0b2b4a642625ab3daf586bf10c84
rows__2026_11	1|bb1a7a3462e0dc4bce2013cf522c4703 2|ae394eb0218501559a97097a1759b817 3|14e4f98a8173c49343816facd3242b55 4|2b18cf719f515d50f5e2f1aa0c61f703
rows__2026_12	1|f84dda1a525b1760452553529de234c3 2|be4982524e6302f0e3a105e866daa74e 3|8e08772e74e3b8d0cf2e0d383aa725c4 4|161ac74eae80d126ebc80fc7cc1a321d
